"Model","Precision","Recall","F1"
"Linear",0.927395934172314,0.870118074477747,0.89784442361762
"Ridge",0.921698113207547,0.887375113533152,0.904211013419713
"Lasso",0.928502415458937,0.872842870118074,0.899812734082397
"Polynomial",0.904545454545455,0.903723887375114,0.904134484325307
"XGBoost",0.9306640625,0.865576748410536,0.896941176470588
